Page type,Country,City,URLs
Country (PLP),United States,N/A,https://tourism-tickets.com/united-states/
City (PDP),United States,New York,https://tourism-tickets.com/united-states/new-york/
Itineraries (PLP),United States,N/A,https://tourism-tickets.com/itineraries/united-states/
Travel guide (PLP),United States,N/A,https://tourism-tickets.com/travel-guides/united-states/
Country (PLP),United States,N/A,https://tourism-tickets.com/united-states/
City (PDP),United States,Orlando,https://tourism-tickets.com/united-states/orlando/
Itineraries (PLP),United States,N/A,https://tourism-tickets.com/itineraries/united-states/
Travel guide (PLP),United States,N/A,https://tourism-tickets.com/travel-guides/united-states/
Country (PLP),United States,N/A,https://tourism-tickets.com/united-states/
City (PDP),United States,Los Angeles,https://tourism-tickets.com/united-states/los-angeles/
Itineraries (PLP),United States,N/A,https://tourism-tickets.com/itineraries/united-states/
Travel guide (PLP),United States,N/A,https://tourism-tickets.com/travel-guides/united-states/
Country (PLP),United States,N/A,https://tourism-tickets.com/united-states/
City (PDP),United States,Chicago,https://tourism-tickets.com/united-states/chicago/
Itineraries (PLP),United States,N/A,https://tourism-tickets.com/itineraries/united-states/
Travel guide (PLP),United States,N/A,https://tourism-tickets.com/travel-guides/united-states/
Country (PLP),United States,N/A,https://tourism-tickets.com/united-states/
City (PDP),United States,San Diego,https://tourism-tickets.com/united-states/san-diego/
Itineraries (PLP),United States,N/A,https://tourism-tickets.com/itineraries/united-states/
Travel guide (PLP),United States,N/A,https://tourism-tickets.com/travel-guides/united-states/
Country (PLP),United States,N/A,https://tourism-tickets.com/united-states/
City (PDP),United States,Miami,https://tourism-tickets.com/united-states/miami/
Itineraries (PLP),United States,N/A,https://tourism-tickets.com/itineraries/united-states/
Travel guide (PLP),United States,N/A,https://tourism-tickets.com/travel-guides/united-states/
Country (PLP),United States,N/A,https://tourism-tickets.com/united-states/
City (PDP),United States,Washington,https://tourism-tickets.com/united-states/washington/
Itineraries (PLP),United States,N/A,https://tourism-tickets.com/itineraries/united-states/
Travel guide (PLP),United States,N/A,https://tourism-tickets.com/travel-guides/united-states/
Country (PLP),United States,N/A,https://tourism-tickets.com/united-states/
City (PDP),United States,San Francisco,https://tourism-tickets.com/united-states/san-francisco/
Itineraries (PLP),United States,N/A,https://tourism-tickets.com/itineraries/united-states/
Travel guide (PLP),United States,N/A,https://tourism-tickets.com/travel-guides/united-states/
Country (PLP),United States,N/A,https://tourism-tickets.com/united-states/
City (PDP),United States,Boston,https://tourism-tickets.com/united-states/boston/
Itineraries (PLP),United States,N/A,https://tourism-tickets.com/itineraries/united-states/
Travel guide (PLP),United States,N/A,https://tourism-tickets.com/travel-guides/united-states/
Country (PLP),United States,N/A,https://tourism-tickets.com/united-states/
City (PDP),United States,Seattle,https://tourism-tickets.com/united-states/seattle/
Itineraries (PLP),United States,N/A,https://tourism-tickets.com/itineraries/united-states/
Travel guide (PLP),United States,N/A,https://tourism-tickets.com/travel-guides/united-states/
Country (PLP),United States,N/A,https://tourism-tickets.com/united-states/
City (PDP),United States,Nashville,https://tourism-tickets.com/united-states/nashville/
Itineraries (PLP),United States,N/A,https://tourism-tickets.com/itineraries/united-states/
Travel guide (PLP),United States,N/A,https://tourism-tickets.com/travel-guides/united-states/
Country (PLP),United States,N/A,https://tourism-tickets.com/united-states/
City (PDP),United States,Houston,https://tourism-tickets.com/united-states/houston/
Itineraries (PLP),United States,N/A,https://tourism-tickets.com/itineraries/united-states/
Travel guide (PLP),United States,N/A,https://tourism-tickets.com/travel-guides/united-states/
Country (PLP),United States,N/A,https://tourism-tickets.com/united-states/
City (PDP),United States,Atlanta,https://tourism-tickets.com/united-states/atlanta/
Itineraries (PLP),United States,N/A,https://tourism-tickets.com/itineraries/united-states/
Travel guide (PLP),United States,N/A,https://tourism-tickets.com/travel-guides/united-states/
Country (PLP),United States,N/A,https://tourism-tickets.com/united-states/
City (PDP),United States,New Orleans,https://tourism-tickets.com/united-states/new-orleans/
Itineraries (PLP),United States,N/A,https://tourism-tickets.com/itineraries/united-states/
Travel guide (PLP),United States,N/A,https://tourism-tickets.com/travel-guides/united-states/
Country (PLP),United States,N/A,https://tourism-tickets.com/united-states/
City (PDP),United States,Tampa,https://tourism-tickets.com/united-states/tampa/
Itineraries (PLP),United States,N/A,https://tourism-tickets.com/itineraries/united-states/
Travel guide (PLP),United States,N/A,https://tourism-tickets.com/travel-guides/united-states/
Country (PLP),United States,N/A,https://tourism-tickets.com/united-states/
City (PDP),United States,Austin,https://tourism-tickets.com/united-states/austin/
Itineraries (PLP),United States,N/A,https://tourism-tickets.com/itineraries/united-states/
Travel guide (PLP),United States,N/A,https://tourism-tickets.com/travel-guides/united-states/
Country (PLP),United States,N/A,https://tourism-tickets.com/united-states/
City (PDP),United States,San Antonio,https://tourism-tickets.com/united-states/san-antonio/
Itineraries (PLP),United States,N/A,https://tourism-tickets.com/itineraries/united-states/
Travel guide (PLP),United States,N/A,https://tourism-tickets.com/travel-guides/united-states/
Country (PLP),United States,N/A,https://tourism-tickets.com/united-states/
City (PDP),United States,Phoenix,https://tourism-tickets.com/united-states/phoenix/
Itineraries (PLP),United States,N/A,https://tourism-tickets.com/itineraries/united-states/
Travel guide (PLP),United States,N/A,https://tourism-tickets.com/travel-guides/united-states/
Country (PLP),United States,N/A,https://tourism-tickets.com/united-states/
City (PDP),United States,Las Vegas,https://tourism-tickets.com/united-states/las-vegas/
Itineraries (PLP),United States,N/A,https://tourism-tickets.com/itineraries/united-states/
Travel guide (PLP),United States,N/A,https://tourism-tickets.com/travel-guides/united-states/
Country (PLP),United States,N/A,https://tourism-tickets.com/united-states/
City (PDP),United States,Denver,https://tourism-tickets.com/united-states/denver/
Itineraries (PLP),United States,N/A,https://tourism-tickets.com/itineraries/united-states/
Travel guide (PLP),United States,N/A,https://tourism-tickets.com/travel-guides/united-states/
Country (PLP),United States,N/A,https://tourism-tickets.com/united-states/
City (PDP),United States,Philadelphia,https://tourism-tickets.com/united-states/philadelphia/
Itineraries (PLP),United States,N/A,https://tourism-tickets.com/itineraries/united-states/
Travel guide (PLP),United States,N/A,https://tourism-tickets.com/travel-guides/united-states/
Country (PLP),United States,N/A,https://tourism-tickets.com/united-states/
City (PDP),United States,Huntsville,https://tourism-tickets.com/united-states/huntsville/
Itineraries (PLP),United States,N/A,https://tourism-tickets.com/itineraries/united-states/
Travel guide (PLP),United States,N/A,https://tourism-tickets.com/travel-guides/united-states/
Country (PLP),United States,N/A,https://tourism-tickets.com/united-states/
City (PDP),United States,Woodside,https://tourism-tickets.com/united-states/woodside/
Itineraries (PLP),United States,N/A,https://tourism-tickets.com/itineraries/united-states/
Travel guide (PLP),United States,N/A,https://tourism-tickets.com/travel-guides/united-states/
Country (PLP),United States,N/A,https://tourism-tickets.com/united-states/
City (PDP),United States,Daytona Beach,https://tourism-tickets.com/united-states/daytona-beach/
Itineraries (PLP),United States,N/A,https://tourism-tickets.com/itineraries/united-states/
Travel guide (PLP),United States,N/A,https://tourism-tickets.com/travel-guides/united-states/
Country (PLP),United States,N/A,https://tourism-tickets.com/united-states/
City (PDP),United States,Pigeon Forge,https://tourism-tickets.com/united-states/pigeon-forge/
Itineraries (PLP),United States,N/A,https://tourism-tickets.com/itineraries/united-states/
Travel guide (PLP),United States,N/A,https://tourism-tickets.com/travel-guides/united-states/
Country (PLP),United Kingdom,N/A,https://tourism-tickets.com/united-kingdom/
City (PDP),United Kingdom,London,https://tourism-tickets.com/united-kingdom/london/
Itineraries (PLP),United Kingdom,N/A,https://tourism-tickets.com/itineraries/united-kingdom/
Travel guide (PLP),United Kingdom,N/A,https://tourism-tickets.com/travel-guides/united-kingdom/
Country (PLP),United Kingdom,N/A,https://tourism-tickets.com/united-kingdom/
City (PDP),United Kingdom,Liverpool,https://tourism-tickets.com/united-kingdom/liverpool/
Itineraries (PLP),United Kingdom,N/A,https://tourism-tickets.com/itineraries/united-kingdom/
Travel guide (PLP),United Kingdom,N/A,https://tourism-tickets.com/travel-guides/united-kingdom/
Country (PLP),United Kingdom,N/A,https://tourism-tickets.com/united-kingdom/
City (PDP),United Kingdom,Birmingham,https://tourism-tickets.com/united-kingdom/birmingham/
Itineraries (PLP),United Kingdom,N/A,https://tourism-tickets.com/itineraries/united-kingdom/
Travel guide (PLP),United Kingdom,N/A,https://tourism-tickets.com/travel-guides/united-kingdom/
Country (PLP),United Kingdom,N/A,https://tourism-tickets.com/united-kingdom/
City (PDP),United Kingdom,Belfast,https://tourism-tickets.com/united-kingdom/belfast/
Itineraries (PLP),United Kingdom,N/A,https://tourism-tickets.com/itineraries/united-kingdom/
Travel guide (PLP),United Kingdom,N/A,https://tourism-tickets.com/travel-guides/united-kingdom/
Country (PLP),United Kingdom,N/A,https://tourism-tickets.com/united-kingdom/
City (PDP),United Kingdom,Edinburgh,https://tourism-tickets.com/united-kingdom/edinburgh/
Itineraries (PLP),United Kingdom,N/A,https://tourism-tickets.com/itineraries/united-kingdom/
Travel guide (PLP),United Kingdom,N/A,https://tourism-tickets.com/travel-guides/united-kingdom/
Country (PLP),Australia,N/A,https://tourism-tickets.com/australia/
City (PDP),Australia,Brisbane,https://tourism-tickets.com/australia/brisbane/
Itineraries (PLP),Australia,N/A,https://tourism-tickets.com/itineraries/australia/
Travel guide (PLP),Australia,N/A,https://tourism-tickets.com/travel-guides/australia/
Country (PLP),Australia,N/A,https://tourism-tickets.com/australia/
City (PDP),Australia,Sydney,https://tourism-tickets.com/australia/sydney/
Itineraries (PLP),Australia,N/A,https://tourism-tickets.com/itineraries/australia/
Travel guide (PLP),Australia,N/A,https://tourism-tickets.com/travel-guides/australia/
Country (PLP),Australia,N/A,https://tourism-tickets.com/australia/
City (PDP),Australia,Melbourne,https://tourism-tickets.com/australia/melbourne/
Itineraries (PLP),Australia,N/A,https://tourism-tickets.com/itineraries/australia/
Travel guide (PLP),Australia,N/A,https://tourism-tickets.com/travel-guides/australia/
Country (PLP),Canada,N/A,https://tourism-tickets.com/canada/
City (PDP),Canada,Vancouver,https://tourism-tickets.com/canada/vancouver/
Itineraries (PLP),Canada,N/A,https://tourism-tickets.com/itineraries/canada/
Travel guide (PLP),Canada,N/A,https://tourism-tickets.com/travel-guides/canada/
Country (PLP),Canada,N/A,https://tourism-tickets.com/canada/
City (PDP),Canada,Toronto,https://tourism-tickets.com/canada/toronto/
Itineraries (PLP),Canada,N/A,https://tourism-tickets.com/itineraries/canada/
Travel guide (PLP),Canada,N/A,https://tourism-tickets.com/travel-guides/canada/
Country (PLP),Canada,N/A,https://tourism-tickets.com/canada/
City (PDP),Canada,Montreal,https://tourism-tickets.com/canada/montreal/
Itineraries (PLP),Canada,N/A,https://tourism-tickets.com/itineraries/canada/
Travel guide (PLP),Canada,N/A,https://tourism-tickets.com/travel-guides/canada/
Country (PLP),Canada,N/A,https://tourism-tickets.com/canada/
City (PDP),Canada,Calgary,https://tourism-tickets.com/canada/calgary/
Itineraries (PLP),Canada,N/A,https://tourism-tickets.com/itineraries/canada/
Travel guide (PLP),Canada,N/A,https://tourism-tickets.com/travel-guides/canada/
Country (PLP),Canada,N/A,https://tourism-tickets.com/canada/
City (PDP),Canada,Ottawa,https://tourism-tickets.com/canada/ottawa/
Itineraries (PLP),Canada,N/A,https://tourism-tickets.com/itineraries/canada/
Travel guide (PLP),Canada,N/A,https://tourism-tickets.com/travel-guides/canada/
Country (PLP),Netherlands,N/A,https://tourism-tickets.com/netherlands/
City (PDP),Netherlands,Amsterdam,https://tourism-tickets.com/netherlands/amsterdam/
Itineraries (PLP),Netherlands,N/A,https://tourism-tickets.com/itineraries/netherlands/
Travel guide (PLP),Netherlands,N/A,https://tourism-tickets.com/travel-guides/netherlands/
Country (PLP),Netherlands,N/A,https://tourism-tickets.com/netherlands/
City (PDP),Netherlands,Rotterdam,https://tourism-tickets.com/netherlands/rotterdam/
Itineraries (PLP),Netherlands,N/A,https://tourism-tickets.com/itineraries/netherlands/
Travel guide (PLP),Netherlands,N/A,https://tourism-tickets.com/travel-guides/netherlands/
Country (PLP),Netherlands,N/A,https://tourism-tickets.com/netherlands/
City (PDP),Netherlands,Leiden,https://tourism-tickets.com/netherlands/leiden/
Itineraries (PLP),Netherlands,N/A,https://tourism-tickets.com/itineraries/netherlands/
Travel guide (PLP),Netherlands,N/A,https://tourism-tickets.com/travel-guides/netherlands/
Country (PLP),Germany,N/A,https://tourism-tickets.com/germany/
City (PDP),Germany,Berlin,https://tourism-tickets.com/germany/berlin/
Itineraries (PLP),Germany,N/A,https://tourism-tickets.com/itineraries/germany/
Travel guide (PLP),Germany,N/A,https://tourism-tickets.com/travel-guides/germany/
Country (PLP),Germany,N/A,https://tourism-tickets.com/germany/
City (PDP),Germany,Cologne,https://tourism-tickets.com/germany/cologne/
Itineraries (PLP),Germany,N/A,https://tourism-tickets.com/itineraries/germany/
Travel guide (PLP),Germany,N/A,https://tourism-tickets.com/travel-guides/germany/
Country (PLP),Germany,N/A,https://tourism-tickets.com/germany/
City (PDP),Germany,Dortmund,https://tourism-tickets.com/germany/dortmund/
Itineraries (PLP),Germany,N/A,https://tourism-tickets.com/itineraries/germany/
Travel guide (PLP),Germany,N/A,https://tourism-tickets.com/travel-guides/germany/
Country (PLP),Germany,N/A,https://tourism-tickets.com/germany/
City (PDP),Germany,Hamburg,https://tourism-tickets.com/germany/hamburg/
Itineraries (PLP),Germany,N/A,https://tourism-tickets.com/itineraries/germany/
Travel guide (PLP),Germany,N/A,https://tourism-tickets.com/travel-guides/germany/
Country (PLP),Germany,N/A,https://tourism-tickets.com/germany/
City (PDP),Germany,Munich,https://tourism-tickets.com/germany/munich/
Itineraries (PLP),Germany,N/A,https://tourism-tickets.com/itineraries/germany/
Travel guide (PLP),Germany,N/A,https://tourism-tickets.com/travel-guides/germany/
Country (PLP),Spain,N/A,https://tourism-tickets.com/spain/
City (PDP),Spain,Madrid,https://tourism-tickets.com/spain/madrid/
Itineraries (PLP),Spain,N/A,https://tourism-tickets.com/itineraries/spain/
Travel guide (PLP),Spain,N/A,https://tourism-tickets.com/travel-guides/spain/
Country (PLP),Spain,N/A,https://tourism-tickets.com/spain/
City (PDP),Spain,Barcelona,https://tourism-tickets.com/spain/barcelona/
Itineraries (PLP),Spain,N/A,https://tourism-tickets.com/itineraries/spain/
Travel guide (PLP),Spain,N/A,https://tourism-tickets.com/travel-guides/spain/
Country (PLP),Spain,N/A,https://tourism-tickets.com/spain/
City (PDP),Spain,Seville,https://tourism-tickets.com/spain/seville/
Itineraries (PLP),Spain,N/A,https://tourism-tickets.com/itineraries/spain/
Travel guide (PLP),Spain,N/A,https://tourism-tickets.com/travel-guides/spain/
Country (PLP),Spain,N/A,https://tourism-tickets.com/spain/
City (PDP),Spain,Valencia,https://tourism-tickets.com/spain/valencia/
Itineraries (PLP),Spain,N/A,https://tourism-tickets.com/itineraries/spain/
Travel guide (PLP),Spain,N/A,https://tourism-tickets.com/travel-guides/spain/
Country (PLP),Spain,N/A,https://tourism-tickets.com/spain/
City (PDP),Spain,Malaga,https://tourism-tickets.com/spain/malaga/
Itineraries (PLP),Spain,N/A,https://tourism-tickets.com/itineraries/spain/
Travel guide (PLP),Spain,N/A,https://tourism-tickets.com/travel-guides/spain/
Country (PLP),Spain,N/A,https://tourism-tickets.com/spain/
City (PDP),Spain,Murcia,https://tourism-tickets.com/spain/murcia/
Itineraries (PLP),Spain,N/A,https://tourism-tickets.com/itineraries/spain/
Travel guide (PLP),Spain,N/A,https://tourism-tickets.com/travel-guides/spain/
Country (PLP),Spain,N/A,https://tourism-tickets.com/spain/
City (PDP),Spain,Toledo,https://tourism-tickets.com/spain/toledo/
Itineraries (PLP),Spain,N/A,https://tourism-tickets.com/itineraries/spain/
Travel guide (PLP),Spain,N/A,https://tourism-tickets.com/travel-guides/spain/
Country (PLP),Spain,N/A,https://tourism-tickets.com/spain/
City (PDP),Spain,Tenerife,https://tourism-tickets.com/spain/tenerife/
Itineraries (PLP),Spain,N/A,https://tourism-tickets.com/itineraries/spain/
Travel guide (PLP),Spain,N/A,https://tourism-tickets.com/travel-guides/spain/
Country (PLP),Spain,N/A,https://tourism-tickets.com/spain/
City (PDP),Spain,Las Palmas de Gran Canaria,https://tourism-tickets.com/spain/las-palmas-de-gran-canaria/
Itineraries (PLP),Spain,N/A,https://tourism-tickets.com/itineraries/spain/
Travel guide (PLP),Spain,N/A,https://tourism-tickets.com/travel-guides/spain/
Country (PLP),Spain,N/A,https://tourism-tickets.com/spain/
City (PDP),Spain,Benidorm,https://tourism-tickets.com/spain/benidorm/
Itineraries (PLP),Spain,N/A,https://tourism-tickets.com/itineraries/spain/
Travel guide (PLP),Spain,N/A,https://tourism-tickets.com/travel-guides/spain/
Country (PLP),Spain,N/A,https://tourism-tickets.com/spain/
City (PDP),Spain,Gijon,https://tourism-tickets.com/spain/gijon/
Itineraries (PLP),Spain,N/A,https://tourism-tickets.com/itineraries/spain/
Travel guide (PLP),Spain,N/A,https://tourism-tickets.com/travel-guides/spain/
Country (PLP),Spain,N/A,https://tourism-tickets.com/spain/
City (PDP),Spain,Cordoba,https://tourism-tickets.com/spain/cordoba/
Itineraries (PLP),Spain,N/A,https://tourism-tickets.com/itineraries/spain/
Travel guide (PLP),Spain,N/A,https://tourism-tickets.com/travel-guides/spain/
Country (PLP),Spain,N/A,https://tourism-tickets.com/spain/
City (PDP),Spain,Mallorca,https://tourism-tickets.com/spain/mallorca/
Itineraries (PLP),Spain,N/A,https://tourism-tickets.com/itineraries/spain/
Travel guide (PLP),Spain,N/A,https://tourism-tickets.com/travel-guides/spain/
Country (PLP),Italy,N/A,https://tourism-tickets.com/italy/
City (PDP),Italy,Milan,https://tourism-tickets.com/italy/milan/
Itineraries (PLP),Italy,N/A,https://tourism-tickets.com/itineraries/italy/
Travel guide (PLP),Italy,N/A,https://tourism-tickets.com/travel-guides/italy/
Country (PLP),Italy,N/A,https://tourism-tickets.com/italy/
City (PDP),Italy,Venice,https://tourism-tickets.com/italy/venice/
Itineraries (PLP),Italy,N/A,https://tourism-tickets.com/itineraries/italy/
Travel guide (PLP),Italy,N/A,https://tourism-tickets.com/travel-guides/italy/
Country (PLP),Italy,N/A,https://tourism-tickets.com/italy/
City (PDP),Italy,Florence,https://tourism-tickets.com/italy/florence/
Itineraries (PLP),Italy,N/A,https://tourism-tickets.com/itineraries/italy/
Travel guide (PLP),Italy,N/A,https://tourism-tickets.com/travel-guides/italy/
Country (PLP),Italy,N/A,https://tourism-tickets.com/italy/
City (PDP),Italy,Rome,https://tourism-tickets.com/italy/rome/
Itineraries (PLP),Italy,N/A,https://tourism-tickets.com/itineraries/italy/
Travel guide (PLP),Italy,N/A,https://tourism-tickets.com/travel-guides/italy/
Country (PLP),Italy,N/A,https://tourism-tickets.com/italy/
City (PDP),Italy,Naples,https://tourism-tickets.com/italy/naples/
Itineraries (PLP),Italy,N/A,https://tourism-tickets.com/itineraries/italy/
Travel guide (PLP),Italy,N/A,https://tourism-tickets.com/travel-guides/italy/
Country (PLP),Italy,N/A,https://tourism-tickets.com/italy/
City (PDP),Italy,Turin,https://tourism-tickets.com/italy/turin/
Itineraries (PLP),Italy,N/A,https://tourism-tickets.com/itineraries/italy/
Travel guide (PLP),Italy,N/A,https://tourism-tickets.com/travel-guides/italy/
Country (PLP),Italy,N/A,https://tourism-tickets.com/italy/
City (PDP),Italy,Bologna,https://tourism-tickets.com/italy/bologna/
Itineraries (PLP),Italy,N/A,https://tourism-tickets.com/itineraries/italy/
Travel guide (PLP),Italy,N/A,https://tourism-tickets.com/travel-guides/italy/
Country (PLP),Italy,N/A,https://tourism-tickets.com/italy/
City (PDP),Italy,Rimini,https://tourism-tickets.com/italy/rimini/
Itineraries (PLP),Italy,N/A,https://tourism-tickets.com/itineraries/italy/
Travel guide (PLP),Italy,N/A,https://tourism-tickets.com/travel-guides/italy/
Country (PLP),Italy,N/A,https://tourism-tickets.com/italy/
City (PDP),Italy,Genoa,https://tourism-tickets.com/italy/genoa/
Itineraries (PLP),Italy,N/A,https://tourism-tickets.com/itineraries/italy/
Travel guide (PLP),Italy,N/A,https://tourism-tickets.com/travel-guides/italy/
Country (PLP),Italy,N/A,https://tourism-tickets.com/italy/
City (PDP),Italy,Verona,https://tourism-tickets.com/italy/verona/
Itineraries (PLP),Italy,N/A,https://tourism-tickets.com/itineraries/italy/
Travel guide (PLP),Italy,N/A,https://tourism-tickets.com/travel-guides/italy/
Country (PLP),Italy,N/A,https://tourism-tickets.com/italy/
City (PDP),Italy,Palermo,https://tourism-tickets.com/italy/palermo/
Itineraries (PLP),Italy,N/A,https://tourism-tickets.com/itineraries/italy/
Travel guide (PLP),Italy,N/A,https://tourism-tickets.com/travel-guides/italy/
Country (PLP),France,N/A,https://tourism-tickets.com/france/
City (PDP),France,Paris,https://tourism-tickets.com/france/paris/
Itineraries (PLP),France,N/A,https://tourism-tickets.com/itineraries/france/
Travel guide (PLP),France,N/A,https://tourism-tickets.com/travel-guides/france/
Country (PLP),France,N/A,https://tourism-tickets.com/france/
City (PDP),France,Lyon,https://tourism-tickets.com/france/lyon/
Itineraries (PLP),France,N/A,https://tourism-tickets.com/itineraries/france/
Travel guide (PLP),France,N/A,https://tourism-tickets.com/travel-guides/france/
Country (PLP),France,N/A,https://tourism-tickets.com/france/
City (PDP),France,Nice,https://tourism-tickets.com/france/nice/
Itineraries (PLP),France,N/A,https://tourism-tickets.com/itineraries/france/
Travel guide (PLP),France,N/A,https://tourism-tickets.com/travel-guides/france/
Country (PLP),France,N/A,https://tourism-tickets.com/france/
City (PDP),France,Marseille,https://tourism-tickets.com/france/marseille/
Itineraries (PLP),France,N/A,https://tourism-tickets.com/itineraries/france/
Travel guide (PLP),France,N/A,https://tourism-tickets.com/travel-guides/france/
Country (PLP),France,N/A,https://tourism-tickets.com/france/
City (PDP),France,Toulouse,https://tourism-tickets.com/france/toulouse/
Itineraries (PLP),France,N/A,https://tourism-tickets.com/itineraries/france/
Travel guide (PLP),France,N/A,https://tourism-tickets.com/travel-guides/france/
Country (PLP),France,N/A,https://tourism-tickets.com/france/
City (PDP),France,Montpellier,https://tourism-tickets.com/france/montpellier/
Itineraries (PLP),France,N/A,https://tourism-tickets.com/itineraries/france/
Travel guide (PLP),France,N/A,https://tourism-tickets.com/travel-guides/france/
Country (PLP),France,N/A,https://tourism-tickets.com/france/
City (PDP),France,Lille,https://tourism-tickets.com/france/lille/
Itineraries (PLP),France,N/A,https://tourism-tickets.com/itineraries/france/
Travel guide (PLP),France,N/A,https://tourism-tickets.com/travel-guides/france/
Country (PLP),France,N/A,https://tourism-tickets.com/france/
City (PDP),France,Avignon,https://tourism-tickets.com/france/avignon/
Itineraries (PLP),France,N/A,https://tourism-tickets.com/itineraries/france/
Travel guide (PLP),France,N/A,https://tourism-tickets.com/travel-guides/france/
Country (PLP),France,N/A,https://tourism-tickets.com/france/
City (PDP),France,Chantilly,https://tourism-tickets.com/france/chantilly/
Itineraries (PLP),France,N/A,https://tourism-tickets.com/itineraries/france/
Travel guide (PLP),France,N/A,https://tourism-tickets.com/travel-guides/france/
Country (PLP),France,N/A,https://tourism-tickets.com/france/
City (PDP),France,Aix-en-Provence,https://tourism-tickets.com/france/aix-en-provence/
Itineraries (PLP),France,N/A,https://tourism-tickets.com/itineraries/france/
Travel guide (PLP),France,N/A,https://tourism-tickets.com/travel-guides/france/
Country (PLP),France,N/A,https://tourism-tickets.com/france/
City (PDP),France,Tours,https://tourism-tickets.com/france/tours/
Itineraries (PLP),France,N/A,https://tourism-tickets.com/itineraries/france/
Travel guide (PLP),France,N/A,https://tourism-tickets.com/travel-guides/france/
Country (PLP),France,N/A,https://tourism-tickets.com/france/
City (PDP),France,Metz,https://tourism-tickets.com/france/metz/
Itineraries (PLP),France,N/A,https://tourism-tickets.com/itineraries/france/
Travel guide (PLP),France,N/A,https://tourism-tickets.com/travel-guides/france/
Country (PLP),France,N/A,https://tourism-tickets.com/france/
City (PDP),France,Poitiers,https://tourism-tickets.com/france/poitiers/
Itineraries (PLP),France,N/A,https://tourism-tickets.com/itineraries/france/
Travel guide (PLP),France,N/A,https://tourism-tickets.com/travel-guides/france/
Country (PLP),France,N/A,https://tourism-tickets.com/france/
City (PDP),France,Colmar,https://tourism-tickets.com/france/colmar/
Itineraries (PLP),France,N/A,https://tourism-tickets.com/itineraries/france/
Travel guide (PLP),France,N/A,https://tourism-tickets.com/travel-guides/france/
Country (PLP),United Arab Emirates,N/A,https://tourism-tickets.com/united-arab-emirates/
City (PDP),United Arab Emirates,Dubai,https://tourism-tickets.com/united-arab-emirates/dubai/
Itineraries (PLP),United Arab Emirates,N/A,https://tourism-tickets.com/itineraries/united-arab-emirates/
Travel guide (PLP),United Arab Emirates,N/A,https://tourism-tickets.com/travel-guides/united-arab-emirates/
Country (PLP),Sweden,N/A,https://tourism-tickets.com/sweden/
City (PDP),Sweden,Stockholm,https://tourism-tickets.com/sweden/stockholm/
Itineraries (PLP),Sweden,N/A,https://tourism-tickets.com/itineraries/sweden/
Travel guide (PLP),Sweden,N/A,https://tourism-tickets.com/travel-guides/sweden/
Country (PLP),Austria,N/A,https://tourism-tickets.com/austria/
City (PDP),Austria,Vienna,https://tourism-tickets.com/austria/vienna/
Itineraries (PLP),Austria,N/A,https://tourism-tickets.com/itineraries/austria/
Travel guide (PLP),Austria,N/A,https://tourism-tickets.com/travel-guides/austria/
Country (PLP),Brazil,N/A,https://tourism-tickets.com/brazil/
City (PDP),Brazil,Rio de Janeiro,https://tourism-tickets.com/brazil/rio-de-janeiro/
Itineraries (PLP),Brazil,N/A,https://tourism-tickets.com/itineraries/brazil/
Travel guide (PLP),Brazil,N/A,https://tourism-tickets.com/travel-guides/brazil/
Country (PLP),Mexico,N/A,https://tourism-tickets.com/mexico/
City (PDP),Mexico,Mexico City,https://tourism-tickets.com/mexico/mexico-city/
Itineraries (PLP),Mexico,N/A,https://tourism-tickets.com/itineraries/mexico/
Travel guide (PLP),Mexico,N/A,https://tourism-tickets.com/travel-guides/mexico/
Country (PLP),Denmark,N/A,https://tourism-tickets.com/denmark/
City (PDP),Denmark,Copenhagen,https://tourism-tickets.com/denmark/copenhagen/
Itineraries (PLP),Denmark,N/A,https://tourism-tickets.com/itineraries/denmark/
Travel guide (PLP),Denmark,N/A,https://tourism-tickets.com/travel-guides/denmark/
Country (PLP),Belgium,N/A,https://tourism-tickets.com/belgium/
City (PDP),Belgium,Brussels,https://tourism-tickets.com/belgium/brussels/
Itineraries (PLP),Belgium,N/A,https://tourism-tickets.com/itineraries/belgium/
Travel guide (PLP),Belgium,N/A,https://tourism-tickets.com/travel-guides/belgium/
Country (PLP),Belgium,N/A,https://tourism-tickets.com/belgium/
City (PDP),Belgium,Ghent,https://tourism-tickets.com/belgium/ghent/
Itineraries (PLP),Belgium,N/A,https://tourism-tickets.com/itineraries/belgium/
Travel guide (PLP),Belgium,N/A,https://tourism-tickets.com/travel-guides/belgium/
Country (PLP),Belgium,N/A,https://tourism-tickets.com/belgium/
City (PDP),Belgium,Antwerp,https://tourism-tickets.com/belgium/antwerp/
Itineraries (PLP),Belgium,N/A,https://tourism-tickets.com/itineraries/belgium/
Travel guide (PLP),Belgium,N/A,https://tourism-tickets.com/travel-guides/belgium/
Country (PLP),Switzerland,N/A,https://tourism-tickets.com/switzerland/
City (PDP),Switzerland,Zurich,https://tourism-tickets.com/switzerland/zurich/
Itineraries (PLP),Switzerland,N/A,https://tourism-tickets.com/itineraries/switzerland/
Travel guide (PLP),Switzerland,N/A,https://tourism-tickets.com/travel-guides/switzerland/
Country (PLP),Czech Republic,N/A,https://tourism-tickets.com/czech-republic/
City (PDP),Czech Republic,Prague,https://tourism-tickets.com/czech-republic/prague/
Itineraries (PLP),Czech Republic,N/A,https://tourism-tickets.com/itineraries/czech-republic/
Travel guide (PLP),Czech Republic,N/A,https://tourism-tickets.com/travel-guides/czech-republic/
Country (PLP),Norway,N/A,https://tourism-tickets.com/norway/
City (PDP),Norway,Oslo,https://tourism-tickets.com/norway/oslo/
Itineraries (PLP),Norway,N/A,https://tourism-tickets.com/itineraries/norway/
Travel guide (PLP),Norway,N/A,https://tourism-tickets.com/travel-guides/norway/
Country (PLP),Finland,N/A,https://tourism-tickets.com/finland/
City (PDP),Finland,Helsinki,https://tourism-tickets.com/finland/helsinki/
Itineraries (PLP),Finland,N/A,https://tourism-tickets.com/itineraries/finland/
Travel guide (PLP),Finland,N/A,https://tourism-tickets.com/travel-guides/finland/
Country (PLP),Portugal,N/A,https://tourism-tickets.com/portugal/
City (PDP),Portugal,Lisbon,https://tourism-tickets.com/portugal/lisbon/
Itineraries (PLP),Portugal,N/A,https://tourism-tickets.com/itineraries/portugal/
Travel guide (PLP),Portugal,N/A,https://tourism-tickets.com/travel-guides/portugal/
Country (PLP),Portugal,N/A,https://tourism-tickets.com/portugal/
City (PDP),Portugal,Porto,https://tourism-tickets.com/portugal/porto/
Itineraries (PLP),Portugal,N/A,https://tourism-tickets.com/itineraries/portugal/
Travel guide (PLP),Portugal,N/A,https://tourism-tickets.com/travel-guides/portugal/
Country (PLP),Ireland,N/A,https://tourism-tickets.com/ireland/
City (PDP),Ireland,Dublin,https://tourism-tickets.com/ireland/dublin/
Itineraries (PLP),Ireland,N/A,https://tourism-tickets.com/itineraries/ireland/
Travel guide (PLP),Ireland,N/A,https://tourism-tickets.com/travel-guides/ireland/
